"","rho","p"
"abc",-0.239154840853167,6.19687559986591e-08
"ab",-0.136462875715752,0.00222757968075429
"c",-0.262174363163837,2.64639389603675e-09
