"","rho","p"
"abc",-0.127542374647088,0.00428380091167061
"ab",-0.109132976101572,0.0146273639209079
"c",-0.116125716072795,0.00935097043317852
