"","rho","p"
"abc",-0.160202590106892,0.00032249282296641
"ab",-0.0834126998900401,0.0623574709141889
"c",-0.238210663974654,7.00601447095643e-08
