"","rho","p"
"abc",-0.0841176042870903,0.0601692500838778
"ab",-0.0829754242340443,0.0637475863728606
"c",-0.10368438258173,0.0204002703747307
