"","rho","p"
"abc",-0.135813161092241,0.0023393185060716
"ab",-0.110697056807175,0.0132610017180442
"c",-0.177563054223318,6.54464501815805e-05
