"","rho","p"
"abc",-0.191252793479657,1.66498744733803e-05
"ab",-0.116759405449252,0.00896912732059779
"c",-0.255528512173112,6.79209060381296e-09
