"","rho","p"
"abc",-0.0778583255029071,0.0819910495177293
"ab",-0.0581151233198796,0.194514967920092
"c",-0.0561978004702467,0.209672171429091
