"","mu0","mu1"
"correlation",0.918960923689626,0.0471229950383224
"p_value",2.17468311669199e-41,0.641527475723369
