"","mu0","mu1"
"correlation",0.905718166367936,0.0734972874410807
"p_value",2.61293070160617e-38,0.46739987061104
