"","mu0","mu1"
"correlation",0.877720623115594,-0.0153206811347135
"p_value",4.45454381594873e-33,0.879747363202954
