"","mu0","mu1"
"correlation",0.797832505737846,-0.00624666214629996
"p_value",2.9068896406786e-23,0.9508161906528
