"","mu0","mu1"
"correlation",0.823932865088812,0.155679567956796
"p_value",6.53079834759388e-26,0.121832135100935
