"","mu0","mu1"
"correlation",0.900814876521763,0.00162018632160928
"p_value",2.77659098887158e-37,0.987235848634479
