"","mu0","mu1"
"correlation",0.892854793233991,0.123588223327373
"p_value",1.00173418933617e-35,0.220557576566759
