"","mu0","mu1"
"correlation",0.924587292211096,-0.0709459459510552
"p_value",7.34280861795212e-43,0.483038217480395
