"","mu0","mu1"
"correlation",0.891403162980871,0.0533454945861825
"p_value",1.86849705519596e-35,0.5981077149393
