"","mu0","mu1"
"correlation",0.8985280264527,0.0194419441944194
"p_value",8.01770482530927e-37,0.847519591089013
