"","mu0","mu1"
"correlation",0.914005047396786,0.0123972769195785
"p_value",3.53024573840766e-40,0.90256733921205
