"","mu0","mu1"
"correlation",0.914005047396786,-0.00762078494088321
"p_value",3.53024573840766e-40,0.940015158244705
