"","mu0","mu1"
"correlation",0.8985280264527,0.216381638163816
"p_value",8.01770482530927e-37,0.0307806864798234
