"","mu0","mu1"
"correlation",0.933472276291112,0.0673973902466168
"p_value",1.95960695159275e-45,0.50524586252101
