"","mu0","mu1"
"correlation",0.933472276291112,-0.175496818000542
"p_value",1.95960695159275e-45,0.0807266071084174
