"","mu0","mu1"
"correlation",0.8985280264527,0.00742874287428743
"p_value",8.01770482530927e-37,0.941463614733196
