"","mu0","mu1"
"correlation",0.914005047396786,0.0559319287854581
"p_value",3.53024573840766e-40,0.580455005068437
