"","mu0","mu1"
"correlation",0.92082160710693,0.276136442054774
"p_value",7.29222531419446e-42,0.00542025491449481
