"","mu0","mu1"
"correlation",0.89874896249667,-0.00336098144143773
"p_value",7.24498654092794e-37,0.973525190106687
