"","mu0","mu1"
"correlation",0.906207807422811,0.0600425446397977
"p_value",2.0490875046244e-38,0.552905211195104
